{"loss": 0.019857335835695267, "_timestamp": 1648165375, "_runtime": 21, "_step": 20001, "acc": 0.9933333333333333, "_wandb": {"runtime": 28}}